{"network":{"id":1,"name":"Boltz-regtest-polar","status":3,"path":"/Users/patricio/.polar/networks/1","nodes":{"bitcoin":[{"id":0,"networkId":1,"name":"backend1","type":"bitcoin","implementation":"bitcoind","version":"0.21.1","peers":[],"status":3,"ports":{"rpc":18446,"p2p":19445,"zmqBlock":28335,"zmqTx":29336},"docker":{"image":"","command":""}}],"lightning":[{"id":0,"networkId":1,"name":"alice","type":"lightning","implementation":"LND","version":"0.12.1-beta","status":3,"backendName":"backend1","paths":{"tlsCert":"/Users/patricio/.polar/networks/1/volumes/lnd/alice/tls.cert","adminMacaroon":"/Users/patricio/.polar/networks/1/volumes/lnd/alice/data/chain/bitcoin/regtest/admin.macaroon","invoiceMacaroon":"/Users/patricio/.polar/networks/1/volumes/lnd/alice/data/chain/bitcoin/regtest/invoice.macaroon","readonlyMacaroon":"/Users/patricio/.polar/networks/1/volumes/lnd/alice/data/chain/bitcoin/regtest/readonly.macaroon"},"ports":{"rest":8085,"grpc":10004,"p2p":9736},"docker":{"image":"","command":""}},{"id":1,"networkId":1,"name":"bob","type":"lightning","implementation":"LND","version":"0.12.1-beta","status":3,"backendName":"backend1","paths":{"tlsCert":"/Users/patricio/.polar/networks/1/volumes/lnd/bob/tls.cert","adminMacaroon":"/Users/patricio/.polar/networks/1/volumes/lnd/bob/data/chain/bitcoin/regtest/admin.macaroon","invoiceMacaroon":"/Users/patricio/.polar/networks/1/volumes/lnd/bob/data/chain/bitcoin/regtest/invoice.macaroon","readonlyMacaroon":"/Users/patricio/.polar/networks/1/volumes/lnd/bob/data/chain/bitcoin/regtest/readonly.macaroon"},"ports":{"rest":8086,"grpc":10005,"p2p":9741},"docker":{"image":"","command":""}},{"id":2,"networkId":1,"name":"carol","type":"lightning","implementation":"LND","version":"0.12.1-beta","status":3,"backendName":"backend1","paths":{"tlsCert":"/Users/patricio/.polar/networks/1/volumes/lnd/carol/tls.cert","adminMacaroon":"/Users/patricio/.polar/networks/1/volumes/lnd/carol/data/chain/bitcoin/regtest/admin.macaroon","invoiceMacaroon":"/Users/patricio/.polar/networks/1/volumes/lnd/carol/data/chain/bitcoin/regtest/invoice.macaroon","readonlyMacaroon":"/Users/patricio/.polar/networks/1/volumes/lnd/carol/data/chain/bitcoin/regtest/readonly.macaroon"},"ports":{"rest":8087,"grpc":10006,"p2p":9742},"docker":{"image":"","command":""}}]}},"chart":{"offset":{"x":120,"y":20},"nodes":{"backend1":{"id":"backend1","type":"bitcoin","position":{"x":320,"y":460},"ports":{"backend":{"id":"backend","type":"top","position":{"x":100,"y":0}},"peer-left":{"id":"peer-left","type":"left","position":{"x":0,"y":23}},"peer-right":{"id":"peer-right","type":"right","position":{"x":200,"y":23}}},"size":{"width":200,"height":45},"properties":{"status":3,"icon":"./static/media/bitcoin.c9f33461.svg"}},"alice":{"id":"alice","type":"lightning","position":{"x":0,"y":200},"ports":{"empty-left":{"id":"empty-left","type":"left","position":{"x":0,"y":42}},"empty-right":{"id":"empty-right","type":"right","position":{"x":200,"y":18}},"backend":{"id":"backend","type":"bottom","position":{"x":100,"y":83}},"094719e50d85":{"id":"094719e50d85","type":"right","properties":{"nodeId":"alice","initiator":true},"position":{"x":200,"y":42}},"8ea82650fce7":{"id":"8ea82650fce7","type":"right","properties":{"nodeId":"alice"},"position":{"x":200,"y":66}}},"size":{"width":200,"height":83},"properties":{"status":3,"icon":"./static/media/lnd.095d2fef.png"}},"bob":{"id":"bob","type":"lightning","position":{"x":320,"y":120},"ports":{"empty-left":{"id":"empty-left","type":"left","position":{"x":0,"y":18}},"empty-right":{"id":"empty-right","type":"right","position":{"x":200,"y":18}},"backend":{"id":"backend","type":"bottom","position":{"x":100,"y":83}},"094719e50d85":{"id":"094719e50d85","type":"left","properties":{"nodeId":"bob"},"position":{"x":0,"y":42}},"8b6a44bc2714":{"id":"8b6a44bc2714","type":"right","properties":{"nodeId":"bob","initiator":true},"position":{"x":200,"y":42}},"4ef9a1bd58c0":{"id":"4ef9a1bd58c0","type":"right","properties":{"nodeId":"bob"},"position":{"x":200,"y":66}},"8ea82650fce7":{"id":"8ea82650fce7","type":"left","properties":{"nodeId":"bob","initiator":true},"position":{"x":0,"y":66}}},"size":{"width":200,"height":83},"properties":{"status":3,"icon":"./static/media/lnd.095d2fef.png"}},"carol":{"id":"carol","type":"lightning","position":{"x":680,"y":200},"ports":{"empty-left":{"id":"empty-left","type":"left","position":{"x":0,"y":18}},"empty-right":{"id":"empty-right","type":"right","position":{"x":200,"y":42}},"backend":{"id":"backend","type":"bottom","position":{"x":100,"y":83}},"8b6a44bc2714":{"id":"8b6a44bc2714","type":"left","properties":{"nodeId":"carol"},"position":{"x":0,"y":42}},"4ef9a1bd58c0":{"id":"4ef9a1bd58c0","type":"left","properties":{"nodeId":"carol","initiator":true},"position":{"x":0,"y":66}}},"size":{"width":200,"height":83},"properties":{"status":3,"icon":"./static/media/lnd.095d2fef.png"}}},"links":{"alice-backend1":{"id":"alice-backend1","from":{"nodeId":"alice","portId":"backend"},"to":{"nodeId":"backend1","portId":"backend"},"properties":{"type":"backend"}},"bob-backend1":{"id":"bob-backend1","from":{"nodeId":"bob","portId":"backend"},"to":{"nodeId":"backend1","portId":"backend"},"properties":{"type":"backend"}},"carol-backend1":{"id":"carol-backend1","from":{"nodeId":"carol","portId":"backend"},"to":{"nodeId":"backend1","portId":"backend"},"properties":{"type":"backend"}},"094719e50d85":{"id":"094719e50d85","from":{"nodeId":"alice","portId":"094719e50d85"},"to":{"nodeId":"bob","portId":"094719e50d85"},"properties":{"type":"open-channel","channelPoint":"86e7172f4123d18a5e9f46e4149b119a8b83f3a8ca5680247423094719e50d85:1","capacity":"2000000","fromBalance":"1990950","toBalance":"0","direction":"ltr","status":"Open","isPrivate":false}},"8b6a44bc2714":{"id":"8b6a44bc2714","from":{"nodeId":"bob","portId":"8b6a44bc2714"},"to":{"nodeId":"carol","portId":"8b6a44bc2714"},"properties":{"type":"open-channel","channelPoint":"4960d3a350582d55b0597c831da9a860fd4c37952748ff124c4b8b6a44bc2714:1","capacity":"2500000","fromBalance":"2490950","toBalance":"0","direction":"ltr","status":"Open","isPrivate":false}},"4ef9a1bd58c0":{"id":"4ef9a1bd58c0","from":{"nodeId":"carol","portId":"4ef9a1bd58c0"},"to":{"nodeId":"bob","portId":"4ef9a1bd58c0"},"properties":{"type":"open-channel","channelPoint":"c69c4a5ec11501cea7afcac7caadf7b0b00347139e5f0dd23b504ef9a1bd58c0:1","capacity":"2500000","fromBalance":"2490950","toBalance":"0","direction":"rtl","status":"Open","isPrivate":false}},"8ea82650fce7":{"id":"8ea82650fce7","from":{"nodeId":"bob","portId":"8ea82650fce7"},"to":{"nodeId":"alice","portId":"8ea82650fce7"},"properties":{"type":"open-channel","channelPoint":"53e819a73d6cf82bc23415105bdf93657e7e75b749caa753ba4a8ea82650fce7:1","capacity":"2500000","fromBalance":"2490950","toBalance":"0","direction":"rtl","status":"Open","isPrivate":false}}},"selected":{},"hovered":{},"scale":0.851}}